"id";"first_name";"gender";"product ";"state";"";""
"1";"Correna";"Female";"Pears - Anjou";"TX";"";""
"2";"Armstrong";"Male";"\"Wine - White";" Pinot Grigio\"";"TX";""
"3";"Noellyn";"Female";"Lamb Rack - Ontario";"TX";"";""
"4";"Katinka";"Female";"Spice - Onion Powder Granulated";"KY";"";""
"5";"Devland";"Male";"Ecolab - Hobart Washarm End Cap";"CA";"";""
"6";"Meyer";"Male";"Bread - French Baquette";"MO";"";""
"7";"Tod";"Male";"Compound - Strawberry";"CA";"";""
"8";"Andrew";"Male";"Mangostein";"KY";"";""
"9";"Bendick";"Male";"Cup - 4oz Translucent";"NV";"";""
"10";"Abner";"Male";"Soup - Campbells - Tomato";"NV";"";""
"11";"Ilyssa";"Female";"Wine - Fat Bastard Merlot";"MN";"";""
"12";"Vlad";"Male";"\"Pork - Back";" Long Cut";" Boneless\"";"NY"
"13";"Lorne";"Male";"Table Cloth - 53x69 Colour";"TX";"";""
"14";"Bonnee";"Female";"Macaroons - Homestyle Two Bit";"IN";"";""
"15";"Julie";"Male";"\"Mushroom - Shitake";" Fresh\"";"AZ";""
"16";"Tisha";"Female";"Garam Masala Powder";"CO";"";""
"17";"Corby";"Male";"\"Chicken - Diced";" Cooked\"";"FL";""
"18";"Toddy";"Male";"\"Tart Shells - Sweet";" 2\"";"MI";""
"19";"Hailee";"Female";"Waffle Stix";"MN";"";""
"20";"Lou";"Male";"Cheese - Parmigiano Reggiano";"TX";"";""
"21";"Sherwynd";"Male";"Oven Mitt - 13 Inch";"TX";"";""
"22";"Carver";"Male";"Ice Cream - Strawberry";"IA";"";""
"23";"Corina";"Female";"Munchies Honey Sweet Trail Mix";"MN";"";""
"24";"Cthrine";"Female";"Flavouring - Orange";"CA";"";""
"25";"Hamilton";"Male";"\"Nut - Pistachio";" Shelled\"";"TX";""
"26";"Nelia";"Female";"Apple - Macintosh";"PA";"";""
"27";"Virgie";"Male";"Lettuce - Treviso";"MO";"";""
"28";"Hedi";"Female";"Wakami Seaweed";"FL";"";""
"29";"Carmelia";"Female";"Quiche Assorted";"GA";"";""
"30";"Ulrica";"Female";"Soup - French Can Pea";"OH";"";""
"31";"Rawley";"Male";"Sprouts - Brussel";"LA";"";""
"32";"Sonni";"Female";"\"Wine - White";" Pelee Island\"";"PA";""
"33";"Pierson";"Male";"Sausage - Chorizo";"OK";"";""
"34";"Ole";"Male";"Pepper - Red Bell";"GA";"";""
"35";"Addia";"Female";"Snapple Raspberry Tea";"SC";"";""
"36";"Libbie";"Female";"The Pop Shoppe Pinapple";"TX";"";""
"37";"Ashby";"Male";"Passion Fruit";"IL";"";""
"38";"Wood";"Male";"Cod - Fillets";"NJ";"";""
"39";"Holly";"Male";"Black Currants";"IN";"";""
"40";"Katey";"Female";"Squash - Pepper";"FL";"";""
"41";"Ody";"Male";"\"Potatoes - Yukon Gold";" 80 Ct\"";"CA";""
"42";"Bondy";"Male";"\"Wine - White";" Pinot Grigio\"";"DC";""
"43";"Arly";"Female";"\"Beans - Black Bean";" Dry\"";"AK";""
"44";"Kort";"Male";"Wine - Barolo Fontanafredda";"TX";"";""
"45";"Verene";"Female";"Bagels Poppyseed";"TX";"";""
"46";"Conny";"Female";"\"Yogurt - Cherry";" 175 Gr\"";"CA";""
"47";"Mariejeanne";"Female";"Milk - 1%";"NE";"";""
"48";"Orlan";"Male";"\"Bread - Pullman";" Sliced\"";"IL";""
"49";"Vasili";"Male";"\"Mushroom - Shitake";" Fresh\"";"TX";""
