"id";"first_name";"gender";"product ";"state"
"1";"Khalil";"Male";"Cheese - Ricotta";"FL"
"2";"Charmain";"Female";"Broom And Broom Rack White";"SC"
"3";"Idalia";"Female";"Anchovy In Oil";"NY"
"4";"Kaila";"Female";"Bread - Hamburger Buns";"VA"
"5";"Bibbye";"Female";"Shrimp - Prawn";"IN"
"6";"Lind";"Female";"Juice - Apple 284ml";"AL"
"7";"Ranice";"Female";"Wine - Alicanca Vinho Verde";"MA"
"8";"Neddy";"Male";"Island Oasis - Banana Daiquiri";"NY"
"9";"Mychal";"Male";"Juice - Grape, White";"FL"
"10";"Penn";"Male";"Beef - Ox Tongue";"KS"
"11";"Myrta";"Female";"Lid Coffeecup 12oz D9542b";"PA"
"12";"Walliw";"Female";"Pork - Sausage Casing";"NY"
"13";"Franchot";"Male";"Appetizer - Assorted Box";"CA"
"14";"Aleece";"Female";"Oil - Shortening - All - Purpose";"TN"
"15";"Brita";"Female";"Beets";"KS"
"16";"Lynelle";"Female";"Capon - Breast, Double, Wing On";"FL"
"17";"Mareah";"Female";"Wine - Delicato Merlot";"IN"
"18";"Dulcinea";"Female";"Champagne - Brights, Dry";"PA"
"19";"Ella";"Female";"Pepper - Yellow Bell";"AL"
"20";"Adena";"Female";"Bar Mix - Pina Colada, 355 Ml";"MO"
"21";"Karim";"Male";"Rice - Sushi";"FL"
"22";"Marian";"Female";"Urban Zen Drinks";"OH"
"23";"Natala";"Female";"Olives - Nicoise";"NY"
"24";"Tomlin";"Male";"Gin - Gilbeys London, Dry";"TN"
"25";"Carlota";"Female";"Seedlings - Clamshell";"AK"
"26";"Kissee";"Female";"Tuna - Fresh";"FL"
"27";"Gabrila";"Female";"Pastry - Trippleberry Muffin - Mini";"TN"
"28";"Bond";"Male";"Cake - Lemon Chiffon";"AK"
"29";"Kit";"Male";"Frangelico";"CA"
"30";"Shellysheldon";"Male";"Wine - Ice Wine";"WA"
"31";"Matteo";"Male";"Mace Ground";"ID"
"32";"Bernardine";"Female";"Pasta - Detalini, White, Fresh";"CA"
"33";"Marcel";"Male";"Pasta - Ravioli";"AL"
"34";"Miltie";"Male";"Wine - Sogrape Mateus Rose";"TX"
"35";"Stesha";"Female";"Bar - Sweet And Salty Chocolate";"MD"
"36";"Estrella";"Female";"Pasta - Cappellini, Dry";"TX"
"37";"Angel";"Female";"Sambuca - Ramazzotti";"MN"
"38";"Alysia";"Female";"Table Cloth - 53x69 Colour";"LA"
"39";"Angelia";"Female";"Bread - Bistro Sour";"NY"
"40";"Roscoe";"Male";"Gin - Gilbeys London, Dry";"NE"
"41";"Yoshiko";"Female";"Milk 2% 500 Ml";"UT"
"42";"Virgie";"Male";"Ranchero - Primerba, Paste";"PA"
"43";"Jori";"Female";"Pastry - Baked Cinnamon Stick";"DC"
"44";"Edvard";"Male";"Vinegar - Champagne";"CA"
"45";"Broderic";"Male";"Lamb - Shanks";"KS"
"46";"Genna";"Female";"Bread - Wheat Baguette";"OH"
"47";"Kipp";"Male";"Mints - Striped Red";"LA"
"48";"Gustave";"Male";"Bread - Assorted Rolls";"GA"
"49";"Demetre";"Male";"Wine - Jaboulet Cotes Du Rhone";"LA"
